{
    "fruits": [
      {
        "name": "Apple",
        "calories": 52,
        "carbohydrates": 14,
        "proteins": 0.3,
        "fats": 0.2,
        "fiber": 2.4
      },
      {
        "name": "Banana",
        "calories": 89,
        "carbohydrates": 23,
        "proteins": 1.1,
        "fats": 0.3,
        "fiber": 2.6
      },
      {
        "name": "Orange",
        "calories": 43,
        "carbohydrates": 9,
        "proteins": 1,
        "fats": 0.1,
        "fiber": 2.4
      },
      {
        "name": "Strawberry",
        "calories": 32,
        "carbohydrates": 7.7,
        "proteins": 0.7,
        "fats": 0.3,
        "fiber": 2
      },
      {
        "name": "Grapes",
        "calories": 69,
        "carbohydrates": 18,
        "proteins": 0.7,
        "fats": 0.2,
        "fiber": 0.9
      },
      {
        "name": "Pineapple",
        "calories": 50,
        "carbohydrates": 13,
        "proteins": 0.5,
        "fats": 0.1,
        "fiber": 1.4
      },
      {
        "name": "Watermelon",
        "calories": 30,
        "carbohydrates": 8,
        "proteins": 0.6,
        "fats": 0.2,
        "fiber": 0.4
      },
      {
        "name": "Mango",
        "calories": 60,
        "carbohydrates": 15,
        "proteins": 0.8,
        "fats": 0.4,
        "fiber": 1.6
      },
      {
        "name": "Blueberry",
        "calories": 57,
        "carbohydrates": 14,
        "proteins": 0.7,
        "fats": 0.3,
        "fiber": 2.4
      },
      {
        "name": "Peach",
        "calories": 39,
        "carbohydrates": 10,
        "proteins": 0.9,
        "fats": 0.3,
        "fiber": 1.5
      },
      {
        "name": "Cherry",
        "calories": 50,
        "carbohydrates": 12,
        "proteins": 1,
        "fats": 0.3,
        "fiber": 1.6
      },
      {
        "name": "Pear",
        "calories": 57,
        "carbohydrates": 15,
        "proteins": 0.4,
        "fats": 0.1,
        "fiber": 3.1
      },
      {
        "name": "Plum",
        "calories": 46,
        "carbohydrates": 11,
        "proteins": 0.7,
        "fats": 0.3,
        "fiber": 1.4
      },
      {
        "name": "Papaya",
        "calories": 43,
        "carbohydrates": 11,
        "proteins": 0.5,
        "fats": 0.1,
        "fiber": 1.7
      },
      {
        "name": "Kiwi",
        "calories": 61,
        "carbohydrates": 15,
        "proteins": 1.1,
        "fats": 0.5,
        "fiber": 3
      },
      {
        "name": "Pomegranate",
        "calories": 83,
        "carbohydrates": 19,
        "proteins": 1.7,
        "fats": 1.2,
        "fiber": 4
      },
      {
        "name": "Raspberry",
        "calories": 52,
        "carbohydrates": 12,
        "proteins": 1.2,
        "fats": 0.7,
        "fiber": 6.5
      },
      {
        "name": "Blackberry",
        "calories": 43,
        "carbohydrates": 10,
        "proteins": 1.4,
        "fats": 0.5,
        "fiber": 5.3
      },
      {
        "name": "Cranberry",
        "calories": 46,
        "carbohydrates": 12,
        "proteins": 0.4,
        "fats": 0.1,
        "fiber": 3.6
      },
      {
        "name": "Guava",
        "calories": 68,
        "carbohydrates": 14,
        "proteins": 2.6,
        "fats": 0.9,
        "fiber": 5.4
      },
      {
        "name": "Lychee",
        "calories": 66,
        "carbohydrates": 17,
        "proteins": 0.8,
        "fats": 0.4,
        "fiber": 1.3
      },
      {
        "name": "Fig",
        "calories": 74,
        "carbohydrates": 19,
        "proteins": 0.8,
        "fats": 0.3,
        "fiber": 2.9
      },
      {
        "name": "Jackfruit",
        "calories": 95,
        "carbohydrates": 23,
        "proteins": 1.7,
        "fats": 0.6,
        "fiber": 1.5
      },
      {
        "name": "Dragon Fruit",
        "calories": 50,
        "carbohydrates": 11,
        "proteins": 1.2,
        "fats": 0.1,
        "fiber": 3
      },
      {
        "name": "Coconut",
        "calories": 354,
        "carbohydrates": 15,
        "proteins": 3.3,
        "fats": 33,
        "fiber": 9
      },
      {
        "name": "Date",
        "calories": 282,
        "carbohydrates": 75,
        "proteins": 2.5,
        "fats": 0.4,
        "fiber": 8
      },
      {
        "name": "Apricot",
        "calories": 48,
        "carbohydrates": 11,
        "proteins": 1.4,
        "fats": 0.4,
        "fiber": 2
      },
      {
        "name": "Cantaloupe",
        "calories": 34,
        "carbohydrates": 8.2,
        "proteins": 0.8,
        "fats": 0.2,
        "fiber": 0.9
      },
      {
        "name": "Persimmon",
        "calories": 81,
        "carbohydrates": 21,
        "proteins": 0.6,
        "fats": 0.3,
        "fiber": 3.6
      },
      {
        "name": "Mulberry",
        "calories": 43,
        "carbohydrates": 10,
        "proteins": 1.4,
        "fats": 0.4,
        "fiber": 1.7
      }
    ]
  }